{"cameraMode":{"drawMode":0,"name":"Shaded","section":"Shading Mode"},"sceneLighting":true,"audioPlay":false,"sceneViewState":{"showFog":true,"showMaterialUpdate":false,"showSkybox":true,"showFlares":true,"showImageEffects":true,"showParticleSystems":true},"in2DMode":false,"pivot":{"x":-1339.669189453125,"y":693.6845092773438,"z":-558.6613159179688},"rotation":{"x":-0.14121273159980775,"y":0.7470247745513916,"z":-0.1681848019361496,"w":-0.6275683641433716},"size":3547.2626953125,"orthographic":false}